,meas,spid,direction,sc_hit,mc_hit111,keep,relation
90,CellCount,9,down,4,,y,
173,CellCount,13,down,,1,y,
187,CellCount,28,down,,2,y,
18,CellCount,29,down,1,,y,
145,CellCount,37,down,,1,y,
9,CellCount,40,down,1,3,y,
60,CellCount,42,down,4,,y,
71,CellCount,45,down,4,3,y,
65,CellCount,47,down,1,,n,
192,CellCount,47,up,,1,n,
128,CellCount,55,down,,2,y,
164,CellCount,60,down,,2,y,
163,CellCount,62,down,,1,y,
112,CellCount,67,down,4,,n,
104,CellCount,68,down,2,,y,
146,CellCount,69,down,,2,y,
157,CellCount,71,down,,1,y,
80,CellCount,72,down,2,2,y,
155,CellCount,74,down,,2,y,
96,CellCount,76,down,4,2,y,
158,CellCount,78,down,,2,y,
100,CellCount,83,down,3,1,y,
153,CellCount,87,down,,1,y,
152,CellCount,88,down,,2,y,
91,CellCount,89,down,1,,n,
131,CellCount,96,down,,2,y,
92,CellCount,98,down,3,,y,
93,CellCount,102,down,1,1,n,
94,CellCount,105,down,2,,n,
185,CellCount,110,down,,2,y,
89,CellCount,116,down,4,2,y,
183,CellCount,123,down,,1,y,
182,CellCount,127,down,,3,y,
175,CellCount,129,down,,2,y,
95,CellCount,143,down,4,3,y,
97,CellCount,146,down,2,1,n,
98,CellCount,152,down,2,3,y,
170,CellCount,155,down,,2,y,
81,CellCount,159,down,2,,y,
168,CellCount,162,down,,1,y,
85,CellCount,163,down,3,3,y,
83,CellCount,165,down,2,,n,
84,CellCount,168,down,4,,n,
190,CellCount,171,up,,1,n,
181,CellCount,171,down,,3,y,
76,CellCount,172,down,2,,y,
78,CellCount,179,down,4,4,y,
79,CellCount,180,down,1,,n,
82,CellCount,183,down,3,3,y,
87,CellCount,189,down,2,1,y,
88,CellCount,196,down,2,,y,
86,CellCount,199,down,1,2,y,
171,CellCount,203,down,,1,y,<
191,CellCount,203,up,,1,n,
178,CellCount,222,down,,2,y,
118,CellCount,224,down,2,4,y,
179,CellCount,226,down,,1,y,
180,CellCount,227,down,,3,y,
177,CellCount,232,down,,1,y,
176,CellCount,234,down,,2,y,
167,CellCount,236,down,,2,n,
108,CellCount,237,down,2,2,y,
169,CellCount,239,down,,1,y,
101,CellCount,247,down,1,,y,
110,CellCount,248,down,1,,n,
117,CellCount,252,down,3,3,y,
115,CellCount,253,down,3,3,y,
114,CellCount,254,down,1,,n,
113,CellCount,255,down,1,1,y,<
172,CellCount,257,down,,1,y,
111,CellCount,258,down,2,2,y,
174,CellCount,259,down,,1,y,
186,CellCount,262,down,,4,y,
116,CellCount,265,down,4,2,y,
103,CellCount,270,down,4,,y,
109,CellCount,276,down,3,3,y,
184,CellCount,284,down,,2,y,
188,CellCount,288,down,,2,y,
22,CellCount,296,down,2,2,y,
24,CellCount,299,down,2,3,y,
16,CellCount,300,down,1,2,y,
15,CellCount,309,down,1,4,y,
189,CellCount,311,down,,1,y,
14,CellCount,312,down,1,3,y,
32,CellCount,316,down,4,4,y,
29,CellCount,319,down,4,4,y,
134,CellCount,325,down,,1,n,
26,CellCount,333,down,4,4,n,
133,CellCount,339,down,,1,y,
5,CellCount,349,down,2,2,y,
6,CellCount,350,down,1,,n,
136,CellCount,351,down,,1,y,
7,CellCount,352,down,4,3,y,
4,CellCount,360,down,4,4,y,
1,CellCount,366,down,1,2,y,
144,CellCount,372,down,,2,y,
11,CellCount,376,down,2,2,y,
13,CellCount,382,down,4,4,y,
143,CellCount,383,down,,1,y,
8,CellCount,397,down,2,4,y,
142,CellCount,400,down,,2,y,
141,CellCount,401,down,,4,y,
140,CellCount,402,down,,4,y,
139,CellCount,406,down,,1,y,
138,CellCount,410,down,,4,y,
56,CellCount,411,down,1,,n,
137,CellCount,427,down,,1,y,
132,CellCount,434,down,,1,y,<
127,CellCount,444,down,,4,y,
126,CellCount,450,down,,1,y,
125,CellCount,458,down,,2,y,
69,CellCount,461,down,1,,n,
68,CellCount,462,down,1,3,y,
66,CellCount,470,down,3,4,y,
46,CellCount,478,down,2,,n,
43,CellCount,484,down,4,4,y,
44,CellCount,486,down,1,,n,
45,CellCount,487,down,2,2,y,
34,CellCount,496,down,1,2,y,
38,CellCount,502,down,2,1,y,
53,CellCount,507,down,4,4,y,
51,CellCount,509,down,4,1,y,
130,CellCount,511,down,,2,y,
52,CellCount,513,down,4,4,y,
129,CellCount,517,down,,2,y,
49,CellCount,531,down,4,3,y,
50,CellCount,540,down,1,2,y,
48,CellCount,544,down,1,1,y,<
135,CellCount,552,down,,1,y,
47,CellCount,553,down,4,2,y,<
40,CellCount,554,down,1,,n,
39,CellCount,555,down,1,,n,
37,CellCount,556,down,4,4,y,
36,CellCount,557,down,1,,n,
35,CellCount,558,down,1,,n,
33,CellCount,559,down,3,2,y,
41,CellCount,560,down,1,,n,
159,CellCount,565,down,,1,y,
42,CellCount,567,down,4,4,y,
160,CellCount,568,down,,2,y,
67,CellCount,569,down,1,,n,
64,CellCount,572,down,2,1,y,
63,CellCount,573,down,3,3,y,
75,CellCount,576,down,1,,n,
74,CellCount,577,down,1,,n,
73,CellCount,578,down,1,2,y,
124,CellCount,578,up,1,,n,
72,CellCount,579,down,1,,n,
70,CellCount,580,down,2,2,y,
62,CellCount,583,down,1,,n,
54,CellCount,584,down,1,,n,
61,CellCount,591,down,1,1,y,
59,CellCount,592,down,1,,n,
58,CellCount,593,down,1,,n,
57,CellCount,594,down,2,,y,<
55,CellCount,597,down,1,2,y,
165,CellCount,599,down,,1,y,
10,CellCount,602,down,2,2,y,
123,CellCount,606,up,1,,n,
122,CellCount,610,up,1,,n,
12,CellCount,612,down,2,2,y,
166,CellCount,615,down,,1,y,<
3,CellCount,616,down,2,4,y,
2,CellCount,618,down,3,2,y,
0,CellCount,619,down,1,,n,
162,CellCount,620,down,,1,y,
161,CellCount,624,down,,2,y,
28,CellCount,633,down,2,4,y,
27,CellCount,634,down,2,4,y,
31,CellCount,639,down,3,4,y,
30,CellCount,641,down,3,4,y,
25,CellCount,651,down,1,,n,
23,CellCount,652,down,1,,n,
21,CellCount,653,down,1,,n,
20,CellCount,654,down,1,2,y,
19,CellCount,656,down,1,2,y,
17,CellCount,657,down,1,,n,
120,CellCount,660,down,2,,y,<
119,CellCount,661,down,1,,n,
107,CellCount,663,down,1,,n,
105,CellCount,665,down,1,,n,
102,CellCount,666,down,3,,n,
150,CellCount,678,down,,2,y,
149,CellCount,681,down,,2,n,
106,CellCount,682,down,1,1,y,
148,CellCount,686,down,,2,y,
121,CellCount,688,up,1,,n,
147,CellCount,688,down,,1,y,<
151,CellCount,696,down,,1,y,
154,CellCount,707,down,,1,y,
77,CellCount,708,down,1,1,y,
156,CellCount,712,down,,1,y,
99,CellCount,721,down,1,2,n,
